analyte,value_ug_L,endpoint,species_id,source_doc,source_page,verified,notes
Al,1253.57,acute_LC50,Sp_001,Warne2000,2,FALSE,pH>6.5; MR (Warne 2000 p.2). ACR not stated; default 10 used.
Al,9212.49,acute_LC50,Sp_002,Warne2000,2,FALSE,NA
Al,92086.92,acute_LC50,Sp_003,Warne2000,2,FALSE,NA
Al,8355.22,acute_LC50,Sp_004,Warne2000,2,FALSE,NA
Al,55500,acute_LC50,Sp_005,Warne2000,2,FALSE,NA
Al,35000,acute_LC50,Sp_006,Warne2000,2,FALSE,NA
Al,599,acute_LC50,Sp_007,Warne2000,2,FALSE,NA
Al,3600,acute_LC50,Sp_008,Warne2000,2,FALSE,NA
Al,512.05,acute_LC50,Sp_009,Warne2000,2,FALSE,NA
As(III),890,chronic_NOEC,Sp_001,Warne2000,3,FALSE,As(III) freshwater HR (Warne 2000 p.3). Several 961 values suspicious — needs re-check.
As(III),6751.14,chronic_NOEC,Sp_002,Warne2000,3,FALSE,NA
As(III),955,chronic_NOEC,Sp_003,Warne2000,3,FALSE,NA
As(III),290.81,chronic_NOEC,Sp_004,Warne2000,3,FALSE,NA
As(III),961,chronic_NOEC,Sp_005,Warne2000,3,FALSE,NA
As(III),9250.92,chronic_NOEC,Sp_006,Warne2000,3,FALSE,NA
As(III),961,chronic_NOEC,Sp_007,Warne2000,3,FALSE,NA
As(III),8420,chronic_NOEC,Sp_008,Warne2000,3,FALSE,NA
As(III),417.45,chronic_NOEC,Sp_009,Warne2000,3,FALSE,NA
As(III),4284.89,chronic_NOEC,Sp_010,Warne2000,3,FALSE,NA
As(III),961,chronic_NOEC,Sp_011,Warne2000,3,FALSE,NA
As(III),3823,chronic_NOEC,Sp_012,Warne2000,3,FALSE,NA
As(III),15.74,chronic_NOEC,Sp_013,Warne2000,3,FALSE,NA
Cd,10.22,chronic_NOEC,Sp_001,Warne2000,6,FALSE,Freshwater HR (Warne 2000 p.6).
Cd,3.2,chronic_NOEC,Sp_002,Warne2000,6,FALSE,NA
Cd,0.38,chronic_NOEC,Sp_003,Warne2000,6,FALSE,NA
Cd,0.08,chronic_NOEC,Sp_004,Warne2000,6,FALSE,NA
Cd,1.65,chronic_NOEC,Sp_005,Warne2000,6,FALSE,NA
Cd,2.46,chronic_NOEC,Sp_006,Warne2000,6,FALSE,NA
Cd,121.68,chronic_NOEC,Sp_007,Warne2000,6,FALSE,NA
Cd,3.31,chronic_NOEC,Sp_008,Warne2000,6,FALSE,NA
Cd,8.2,chronic_NOEC,Sp_009,Warne2000,6,FALSE,NA
Cd,23.21,chronic_NOEC,Sp_010,Warne2000,6,FALSE,NA
Cd,0.83,chronic_NOEC,Sp_011,Warne2000,6,FALSE,NA
Cd,0.52,chronic_NOEC,Sp_012,Warne2000,6,FALSE,NA
Cd,474,chronic_NOEC,Sp_013,Warne2000,6,FALSE,NA
Cd,112,chronic_NOEC,Sp_014,Warne2000,6,FALSE,NA
Cd,250.36,chronic_NOEC,Sp_015,Warne2000,6,FALSE,NA
Cd,0.63,chronic_NOEC,Sp_016,Warne2000,6,FALSE,NA
Cd,20.72,chronic_NOEC,Sp_017,Warne2000,6,FALSE,NA
Cd,0.49,chronic_NOEC,Sp_018,Warne2000,6,FALSE,NA
Cd,5.72,chronic_NOEC,Sp_019,Warne2000,6,FALSE,NA
Cd,243.8,chronic_NOEC,Sp_020,Warne2000,6,FALSE,NA
Cd,766.88,chronic_NOEC,Sp_021,Warne2000,6,FALSE,NA
Pb,67.6,chronic_NOEC,Sp_001,Warne2000,12,FALSE,Freshwater HR (Warne 2000 p.12).
Pb,5.65,chronic_NOEC,Sp_002,Warne2000,12,FALSE,NA
Pb,11.12,chronic_NOEC,Sp_003,Warne2000,12,FALSE,NA
Pb,27.95,chronic_NOEC,Sp_004,Warne2000,12,FALSE,NA
Pb,27.89,chronic_NOEC,Sp_005,Warne2000,12,FALSE,NA
Pb,19.48,chronic_NOEC,Sp_006,Warne2000,12,FALSE,NA
Pb,5.11,chronic_NOEC,Sp_007,Warne2000,12,FALSE,NA
Pb,28.4,chronic_NOEC,Sp_008,Warne2000,12,FALSE,NA
Mn,220325.1,acute_LC50,Sp_001,Warne2000,13,FALSE,Freshwater MR; acute data (Warne 2000 p.13). ACR=9.1.
Mn,981817.7,acute_LC50,Sp_002,Warne2000,13,FALSE,NA
Mn,21116.65,acute_LC50,Sp_003,Warne2000,13,FALSE,NA
Mn,38700,acute_LC50,Sp_004,Warne2000,13,FALSE,NA
Mn,28000,acute_LC50,Sp_005,Warne2000,13,FALSE,NA
Mn,51000,acute_LC50,Sp_006,Warne2000,13,FALSE,NA
Mn,506698.1,acute_LC50,Sp_007,Warne2000,13,FALSE,NA
Mn,310000,acute_LC50,Sp_008,Warne2000,13,FALSE,NA
Mn,1040000,acute_LC50,Sp_009,Warne2000,13,FALSE,NA
Mn,130000,acute_LC50,Sp_010,Warne2000,13,FALSE,NA
Mn,33800,acute_LC50,Sp_011,Warne2000,13,FALSE,NA
Mn,38700,acute_LC50,Sp_012,Warne2000,13,FALSE,NA
Hg,12.65,chronic_NOEC,Sp_001,Warne2000,14,FALSE,Freshwater HR (Warne 2000 p.14). Total inorganic Hg.
Hg,71.13,chronic_NOEC,Sp_002,Warne2000,14,FALSE,NA
Hg,34.69,chronic_NOEC,Sp_003,Warne2000,14,FALSE,NA
Hg,1.0412,chronic_NOEC,Sp_004,Warne2000,14,FALSE,NA
Hg,29.15,chronic_NOEC,Sp_005,Warne2000,14,FALSE,NA
Hg,2.569,chronic_NOEC,Sp_006,Warne2000,14,FALSE,NA
Hg,48.86,chronic_NOEC,Sp_007,Warne2000,14,FALSE,NA
Se,276.33,chronic_NOEC,Sp_001,Warne2000,16,TRUE,Freshwater HR total Se (Warne 2000 p.16-17). n=5 including 16500.62 outlier. Warne noted outlier but kept it (removing it leaves n=4 < minimum). Bioaccumulation: log Kow >4; ANZECC adopted HC1 not HC5.
Se,69.91,chronic_NOEC,Sp_002,Warne2000,16,TRUE,NA
Se,14,chronic_NOEC,Sp_003,Warne2000,16,TRUE,NA
Se,120,chronic_NOEC,Sp_004,Warne2000,16,TRUE,NA
Se,16500.62,chronic_NOEC,Sp_005,Warne2000,16,TRUE,NA
g-BHC_chronic,150,chronic_NOEC,Sp_001,Warne2000,131,TRUE,Lindane HR chronic SSD (Warne 2000 p.131). HC5=0.86 µg/L → TV=0.9 µg/L. REJECTED by ANZECC as insufficiently protective vs acute toxicity. Use g-BHC_acute for ANZECC-matching fit.
g-BHC_chronic,2.67,chronic_NOEC,Sp_002,Warne2000,131,TRUE,NA
g-BHC_chronic,12,chronic_NOEC,Sp_003,Warne2000,131,TRUE,NA
g-BHC_chronic,55,chronic_NOEC,Sp_004,Warne2000,131,TRUE,NA
g-BHC_chronic,1264.99,chronic_NOEC,Sp_005,Warne2000,131,TRUE,NA
g-BHC_chronic,1400,chronic_NOEC,Sp_006,Warne2000,131,TRUE,NA
g-BHC_chronic,634.51,chronic_NOEC,Sp_007,Warne2000,131,TRUE,NA
g-BHC_acute,64,acute_LC50,Sp_001,Warne2000,131,TRUE,Lindane MR acute SSD (Warne 2000 p.131-132). HC5=4.14 µg/L; ACR=25.10; MR TV=0.165≈0.2 µg/L. This is the dataset ANZECC used for the published DGV.
g-BHC_acute,650,acute_LC50,Sp_002,Warne2000,131,TRUE,NA
g-BHC_acute,321.61,acute_LC50,Sp_003,Warne2000,131,TRUE,NA
g-BHC_acute,473.1,acute_LC50,Sp_004,Warne2000,131,TRUE,NA
g-BHC_acute,10069.76,acute_LC50,Sp_005,Warne2000,131,TRUE,NA
g-BHC_acute,1.5,acute_LC50,Sp_006,Warne2000,131,TRUE,NA
g-BHC_acute,114.08,acute_LC50,Sp_007,Warne2000,131,TRUE,NA
g-BHC_acute,146.19,acute_LC50,Sp_008,Warne2000,131,TRUE,NA
g-BHC_acute,131.94,acute_LC50,Sp_009,Warne2000,131,TRUE,NA
g-BHC_acute,19.5,acute_LC50,Sp_010,Warne2000,131,TRUE,NA
g-BHC_acute,25.71,acute_LC50,Sp_011,Warne2000,131,TRUE,NA
g-BHC_acute,196.15,acute_LC50,Sp_012,Warne2000,131,TRUE,NA
g-BHC_acute,524.63,acute_LC50,Sp_013,Warne2000,131,TRUE,NA
g-BHC_acute,507.17,acute_LC50,Sp_014,Warne2000,131,TRUE,NA
g-BHC_acute,73.5,acute_LC50,Sp_015,Warne2000,131,TRUE,NA
g-BHC_acute,1012.87,acute_LC50,Sp_016,Warne2000,131,TRUE,NA
g-BHC_acute,184.39,acute_LC50,Sp_017,Warne2000,131,TRUE,NA
g-BHC_acute,146.2,acute_LC50,Sp_018,Warne2000,131,TRUE,NA
g-BHC_acute,432.03,acute_LC50,Sp_019,Warne2000,131,TRUE,NA
g-BHC_acute,153.78,acute_LC50,Sp_020,Warne2000,131,TRUE,NA
g-BHC_acute,84.12,acute_LC50,Sp_021,Warne2000,131,TRUE,NA
g-BHC_acute,32,acute_LC50,Sp_022,Warne2000,131,TRUE,NA
g-BHC_acute,7.3,acute_LC50,Sp_023,Warne2000,131,TRUE,NA
g-BHC_acute,116.65,acute_LC50,Sp_024,Warne2000,131,TRUE,NA
g-BHC_acute,38.78,acute_LC50,Sp_025,Warne2000,131,TRUE,NA
g-BHC_acute,32.78,acute_LC50,Sp_026,Warne2000,131,TRUE,NA
g-BHC_acute,274.28,acute_LC50,Sp_027,Warne2000,131,TRUE,NA
g-BHC_acute,51.86,acute_LC50,Sp_028,Warne2000,131,TRUE,NA
g-BHC_acute,77.35,acute_LC50,Sp_029,Warne2000,131,TRUE,NA
g-BHC_acute,58.13,acute_LC50,Sp_030,Warne2000,131,TRUE,NA
g-BHC_acute,9.13,acute_LC50,Sp_031,Warne2000,131,TRUE,NA
g-BHC_acute,29.07,acute_LC50,Sp_032,Warne2000,131,TRUE,NA
g-BHC_acute,461.5,acute_LC50,Sp_033,Warne2000,131,TRUE,NA
g-BHC_acute,141.97,acute_LC50,Sp_034,Warne2000,131,TRUE,NA
g-BHC_acute,38.16,acute_LC50,Sp_035,Warne2000,131,TRUE,NA
g-BHC_acute,375,acute_LC50,Sp_036,Warne2000,131,TRUE,NA
g-BHC_acute,10,acute_LC50,Sp_037,Warne2000,131,TRUE,NA
g-BHC_acute,1100,acute_LC50,Sp_038,Warne2000,131,TRUE,NA
g-BHC_acute,3.2,acute_LC50,Sp_039,Warne2000,131,TRUE,NA
g-BHC_acute,904.7,acute_LC50,Sp_040,Warne2000,131,TRUE,NA
g-BHC_acute,460,acute_LC50,Sp_041,Warne2000,131,TRUE,NA
g-BHC_acute,13.38,acute_LC50,Sp_042,Warne2000,131,TRUE,NA
g-BHC_acute,75.63,acute_LC50,Sp_043,Warne2000,131,TRUE,NA
g-BHC_acute,8.62,acute_LC50,Sp_044,Warne2000,131,TRUE,NA
g-BHC_acute,619.67,acute_LC50,Sp_045,Warne2000,131,TRUE,NA
g-BHC_acute,5.02,acute_LC50,Sp_046,Warne2000,131,TRUE,NA
g-BHC_acute,27.26,acute_LC50,Sp_047,Warne2000,131,TRUE,NA
g-BHC_acute,19.17,acute_LC50,Sp_048,Warne2000,131,TRUE,NA
g-BHC_acute,207,acute_LC50,Sp_049,Warne2000,131,TRUE,NA
g-BHC_acute,330,acute_LC50,Sp_050,Warne2000,131,TRUE,NA
g-BHC_acute,150,acute_LC50,Sp_051,Warne2000,131,TRUE,NA
g-BHC_acute,9.6,acute_LC50,Sp_052,Warne2000,131,TRUE,NA
g-BHC_acute,130,acute_LC50,Sp_053,Warne2000,131,TRUE,NA
g-BHC_acute,3.08,acute_LC50,Sp_054,Warne2000,131,TRUE,NA
g-BHC_acute,3.9,acute_LC50,Sp_055,Warne2000,131,TRUE,NA
g-BHC_acute,2685,acute_LC50,Sp_056,Warne2000,131,TRUE,NA
g-BHC_acute,2331,acute_LC50,Sp_057,Warne2000,131,TRUE,NA
g-BHC_acute,6233,acute_LC50,Sp_058,Warne2000,131,TRUE,NA
g-BHC_acute,2545.58,acute_LC50,Sp_059,Warne2000,131,TRUE,NA
g-BHC_acute,2500,acute_LC50,Sp_060,Warne2000,131,TRUE,NA
g-BHC_acute,3200,acute_LC50,Sp_061,Warne2000,131,TRUE,NA
g-BHC_acute,5210.9,acute_LC50,Sp_062,Warne2000,131,TRUE,NA
g-BHC_acute,1773.41,acute_LC50,Sp_063,Warne2000,131,TRUE,NA
Dieldrin,700,acute_LC50,Sp_001,Warne2000,NA,FALSE,"Warne 2000. ANZECC classified as LR (AF=100), not SSD-derived. SSD fit included here for reference only; not a reliable ANZECC-matched model."
Dieldrin,100,acute_LC50,Sp_002,Warne2000,NA,FALSE,NA
Dieldrin,2.7,acute_LC50,Sp_003,Warne2000,NA,FALSE,NA
Dieldrin,0.2,acute_LC50,Sp_004,Warne2000,NA,FALSE,NA
Dieldrin,10,acute_LC50,Sp_005,Warne2000,NA,FALSE,NA
Dieldrin,20,acute_LC50,Sp_006,Warne2000,NA,FALSE,NA
Dieldrin,50,acute_LC50,Sp_007,Warne2000,NA,FALSE,NA
Endrin,0.7,acute_LC50,Sp_001,Warne2000,NA,FALSE,Freshwater MR; acute data (Warne 2000). ACR=10.
Endrin,0.98,acute_LC50,Sp_002,Warne2000,NA,FALSE,NA
Endrin,6.72,acute_LC50,Sp_003,Warne2000,NA,FALSE,NA
Endrin,4.3,acute_LC50,Sp_004,Warne2000,NA,FALSE,NA
Endrin,1.58,acute_LC50,Sp_005,Warne2000,NA,FALSE,NA
Endrin,0.55,acute_LC50,Sp_006,Warne2000,NA,FALSE,NA
Endrin,2.18,acute_LC50,Sp_007,Warne2000,NA,FALSE,NA
Endrin,0.22,acute_LC50,Sp_008,Warne2000,NA,FALSE,NA
Endrin,12.4,acute_LC50,Sp_009,Warne2000,NA,FALSE,NA
"4,4'-DDT",14.16,acute_LC50,Sp_001,Warne2000,124,TRUE,Freshwater MR (Warne 2000 p.124-125). n=66. ACR=70.85. Bioaccumulation (log Kow >4): ANZECC adopted HC1÷ACR not HC5÷ACR. Previous extraction had only 7 values — now corrected.
"4,4'-DDT",122.8,acute_LC50,Sp_002,Warne2000,124,TRUE,NA
"4,4'-DDT",16.85,acute_LC50,Sp_003,Warne2000,124,TRUE,NA
"4,4'-DDT",3.97,acute_LC50,Sp_004,Warne2000,124,TRUE,NA
"4,4'-DDT",38.68,acute_LC50,Sp_005,Warne2000,124,TRUE,NA
"4,4'-DDT",2.31,acute_LC50,Sp_006,Warne2000,124,TRUE,NA
"4,4'-DDT",13.87,acute_LC50,Sp_007,Warne2000,124,TRUE,NA
"4,4'-DDT",34.1,acute_LC50,Sp_008,Warne2000,124,TRUE,NA
"4,4'-DDT",4.95,acute_LC50,Sp_009,Warne2000,124,TRUE,NA
"4,4'-DDT",12.78,acute_LC50,Sp_010,Warne2000,124,TRUE,NA
"4,4'-DDT",8.89,acute_LC50,Sp_011,Warne2000,124,TRUE,NA
"4,4'-DDT",6,acute_LC50,Sp_012,Warne2000,124,TRUE,NA
"4,4'-DDT",8.66,acute_LC50,Sp_013,Warne2000,124,TRUE,NA
"4,4'-DDT",1.53,acute_LC50,Sp_014,Warne2000,124,TRUE,NA
"4,4'-DDT",3.93,acute_LC50,Sp_015,Warne2000,124,TRUE,NA
"4,4'-DDT",15.56,acute_LC50,Sp_016,Warne2000,124,TRUE,NA
"4,4'-DDT",7.22,acute_LC50,Sp_017,Warne2000,124,TRUE,NA
"4,4'-DDT",11.5,acute_LC50,Sp_018,Warne2000,124,TRUE,NA
"4,4'-DDT",40.59,acute_LC50,Sp_019,Warne2000,124,TRUE,NA
"4,4'-DDT",2.84,acute_LC50,Sp_020,Warne2000,124,TRUE,NA
"4,4'-DDT",18.94,acute_LC50,Sp_021,Warne2000,124,TRUE,NA
"4,4'-DDT",5.6,acute_LC50,Sp_022,Warne2000,124,TRUE,NA
"4,4'-DDT",1.8,acute_LC50,Sp_023,Warne2000,124,TRUE,NA
"4,4'-DDT",1.8,acute_LC50,Sp_024,Warne2000,124,TRUE,NA
"4,4'-DDT",3.65,acute_LC50,Sp_025,Warne2000,124,TRUE,NA
"4,4'-DDT",2.9,acute_LC50,Sp_026,Warne2000,124,TRUE,NA
"4,4'-DDT",10.67,acute_LC50,Sp_027,Warne2000,124,TRUE,NA
"4,4'-DDT",123.29,acute_LC50,Sp_028,Warne2000,124,TRUE,NA
"4,4'-DDT",15.56,acute_LC50,Sp_029,Warne2000,124,TRUE,NA
"4,4'-DDT",4.16,acute_LC50,Sp_030,Warne2000,124,TRUE,NA
"4,4'-DDT",945.46,acute_LC50,Sp_031,Warne2000,124,TRUE,NA
"4,4'-DDT",1.04,acute_LC50,Sp_032,Warne2000,124,TRUE,NA
"4,4'-DDT",15,acute_LC50,Sp_033,Warne2000,124,TRUE,NA
"4,4'-DDT",0.88,acute_LC50,Sp_034,Warne2000,124,TRUE,NA
"4,4'-DDT",0.84,acute_LC50,Sp_035,Warne2000,124,TRUE,NA
"4,4'-DDT",1.66,acute_LC50,Sp_036,Warne2000,124,TRUE,NA
"4,4'-DDT",2.08,acute_LC50,Sp_037,Warne2000,124,TRUE,NA
"4,4'-DDT",5.35,acute_LC50,Sp_038,Warne2000,124,TRUE,NA
"4,4'-DDT",3.76,acute_LC50,Sp_039,Warne2000,124,TRUE,NA
"4,4'-DDT",74.98,acute_LC50,Sp_040,Warne2000,124,TRUE,NA
"4,4'-DDT",28,acute_LC50,Sp_041,Warne2000,124,TRUE,NA
"4,4'-DDT",2.65,acute_LC50,Sp_042,Warne2000,124,TRUE,NA
"4,4'-DDT",5.8,acute_LC50,Sp_043,Warne2000,124,TRUE,NA
"4,4'-DDT",59.53,acute_LC50,Sp_044,Warne2000,124,TRUE,NA
"4,4'-DDT",17,acute_LC50,Sp_045,Warne2000,124,TRUE,NA
"4,4'-DDT",7.4,acute_LC50,Sp_046,Warne2000,124,TRUE,NA
"4,4'-DDT",23,acute_LC50,Sp_047,Warne2000,124,TRUE,NA
"4,4'-DDT",1,acute_LC50,Sp_048,Warne2000,124,TRUE,NA
"4,4'-DDT",3.5,acute_LC50,Sp_049,Warne2000,124,TRUE,NA
"4,4'-DDT",1.2,acute_LC50,Sp_050,Warne2000,124,TRUE,NA
"4,4'-DDT",1.2,acute_LC50,Sp_051,Warne2000,124,TRUE,NA
"4,4'-DDT",20,acute_LC50,Sp_052,Warne2000,124,TRUE,NA
"4,4'-DDT",32,acute_LC50,Sp_053,Warne2000,124,TRUE,NA
"4,4'-DDT",1.5,acute_LC50,Sp_054,Warne2000,124,TRUE,NA
"4,4'-DDT",1.9,acute_LC50,Sp_055,Warne2000,124,TRUE,NA
"4,4'-DDT",134.76,acute_LC50,Sp_056,Warne2000,124,TRUE,NA
"4,4'-DDT",1.6,acute_LC50,Sp_057,Warne2000,124,TRUE,NA
"4,4'-DDT",30,acute_LC50,Sp_058,Warne2000,124,TRUE,NA
"4,4'-DDT",3162.41,acute_LC50,Sp_059,Warne2000,124,TRUE,NA
"4,4'-DDT",6400,acute_LC50,Sp_060,Warne2000,124,TRUE,NA
"4,4'-DDT",2277,acute_LC50,Sp_061,Warne2000,124,TRUE,NA
"4,4'-DDT",8700,acute_LC50,Sp_062,Warne2000,124,TRUE,NA
"4,4'-DDT",20845,acute_LC50,Sp_063,Warne2000,124,TRUE,NA
"4,4'-DDT",15000,acute_LC50,Sp_064,Warne2000,124,TRUE,NA
"4,4'-DDT",4624.93,acute_LC50,Sp_065,Warne2000,124,TRUE,NA
"4,4'-DDT",6400,acute_LC50,Sp_066,Warne2000,124,TRUE,NA
Diazinon,1897.37,acute_LC50,Sp_001,Warne2000,NA,FALSE,Freshwater MR; acute data (Warne 2000). ACR=17.5.
Diazinon,6160,acute_LC50,Sp_002,Warne2000,NA,FALSE,NA
Diazinon,21,acute_LC50,Sp_003,Warne2000,NA,FALSE,NA
Diazinon,250,acute_LC50,Sp_004,Warne2000,NA,FALSE,NA
Diazinon,0.46,acute_LC50,Sp_005,Warne2000,NA,FALSE,NA
Diazinon,1.1,acute_LC50,Sp_006,Warne2000,NA,FALSE,NA
Diazinon,350,acute_LC50,Sp_007,Warne2000,NA,FALSE,NA
Diazinon,45,acute_LC50,Sp_008,Warne2000,NA,FALSE,NA
Malathion,7523.79,acute_LC50,Sp_001,Warne2000,140,TRUE,Freshwater MR (Warne 2000 p.140). n=45. ACR=17.46. Previous extraction had only 8 values (high-end only) — now corrected.
Malathion,8178.59,acute_LC50,Sp_002,Warne2000,140,TRUE,NA
Malathion,14163.22,acute_LC50,Sp_003,Warne2000,140,TRUE,NA
Malathion,1420,acute_LC50,Sp_004,Warne2000,140,TRUE,NA
Malathion,4594,acute_LC50,Sp_005,Warne2000,140,TRUE,NA
Malathion,13290.14,acute_LC50,Sp_006,Warne2000,140,TRUE,NA
Malathion,269.49,acute_LC50,Sp_007,Warne2000,140,TRUE,NA
Malathion,51.94,acute_LC50,Sp_008,Warne2000,140,TRUE,NA
Malathion,77,acute_LC50,Sp_009,Warne2000,140,TRUE,NA
Malathion,311.61,acute_LC50,Sp_010,Warne2000,140,TRUE,NA
Malathion,166.77,acute_LC50,Sp_011,Warne2000,140,TRUE,NA
Malathion,76.96,acute_LC50,Sp_012,Warne2000,140,TRUE,NA
Malathion,263,acute_LC50,Sp_013,Warne2000,140,TRUE,NA
Malathion,14173.4,acute_LC50,Sp_014,Warne2000,140,TRUE,NA
Malathion,1376.94,acute_LC50,Sp_015,Warne2000,140,TRUE,NA
Malathion,455,acute_LC50,Sp_016,Warne2000,140,TRUE,NA
Malathion,6000,acute_LC50,Sp_017,Warne2000,140,TRUE,NA
Malathion,4100,acute_LC50,Sp_018,Warne2000,140,TRUE,NA
Malathion,126.83,acute_LC50,Sp_019,Warne2000,140,TRUE,NA
Malathion,76,acute_LC50,Sp_020,Warne2000,140,TRUE,NA
Malathion,64,acute_LC50,Sp_021,Warne2000,140,TRUE,NA
Malathion,1007.47,acute_LC50,Sp_022,Warne2000,140,TRUE,NA
Malathion,2259.69,acute_LC50,Sp_023,Warne2000,140,TRUE,NA
Malathion,16200,acute_LC50,Sp_024,Warne2000,140,TRUE,NA
Malathion,2,acute_LC50,Sp_025,Warne2000,140,TRUE,NA
Malathion,1.75,acute_LC50,Sp_026,Warne2000,140,TRUE,NA
Malathion,2,acute_LC50,Sp_027,Warne2000,140,TRUE,NA
Malathion,2,acute_LC50,Sp_028,Warne2000,140,TRUE,NA
Malathion,1,acute_LC50,Sp_029,Warne2000,140,TRUE,NA
Malathion,1457.02,acute_LC50,Sp_030,Warne2000,140,TRUE,NA
Malathion,117.446,acute_LC50,Sp_031,Warne2000,140,TRUE,NA
Malathion,7862.22,acute_LC50,Sp_032,Warne2000,140,TRUE,NA
Malathion,37.8,acute_LC50,Sp_033,Warne2000,140,TRUE,NA
Malathion,4.23,acute_LC50,Sp_034,Warne2000,140,TRUE,NA
Malathion,15.13,acute_LC50,Sp_035,Warne2000,140,TRUE,NA
Malathion,1.94,acute_LC50,Sp_036,Warne2000,140,TRUE,NA
Malathion,39.98,acute_LC50,Sp_037,Warne2000,140,TRUE,NA
Malathion,49.8,acute_LC50,Sp_038,Warne2000,140,TRUE,NA
Malathion,126270,acute_LC50,Sp_039,Warne2000,140,TRUE,NA
Malathion,12445.88,acute_LC50,Sp_040,Warne2000,140,TRUE,NA
Malathion,31.1,acute_LC50,Sp_041,Warne2000,140,TRUE,NA
Malathion,37.4,acute_LC50,Sp_042,Warne2000,140,TRUE,NA
Malathion,2449.4,acute_LC50,Sp_043,Warne2000,140,TRUE,NA
Malathion,29933.26,acute_LC50,Sp_044,Warne2000,140,TRUE,NA
Malathion,0.61,acute_LC50,Sp_045,Warne2000,140,TRUE,NA
Chlorpyrifos,0.57,chronic_NOEC,Sp_001,Warne2000,NA,FALSE,Freshwater HR (Warne 2000). n=12 chronic values. ANZECC adopted HC1 (not HC5) as 95% TV due to acute toxicity concerns. HC5 fitting method difference explains residual discrepancy vs published.
Chlorpyrifos,0.075,chronic_NOEC,Sp_002,Warne2000,NA,FALSE,NA
Chlorpyrifos,0.065,chronic_NOEC,Sp_003,Warne2000,NA,FALSE,NA
Chlorpyrifos,0.5,chronic_NOEC,Sp_004,Warne2000,NA,FALSE,NA
Chlorpyrifos,2.5,chronic_NOEC,Sp_005,Warne2000,NA,FALSE,NA
Chlorpyrifos,1.2,chronic_NOEC,Sp_006,Warne2000,NA,FALSE,NA
Chlorpyrifos,0.12,chronic_NOEC,Sp_007,Warne2000,NA,FALSE,NA
Chlorpyrifos,0.3,chronic_NOEC,Sp_008,Warne2000,NA,FALSE,NA
Chlorpyrifos,0.87,chronic_NOEC,Sp_009,Warne2000,NA,FALSE,NA
Chlorpyrifos,1,chronic_NOEC,Sp_010,Warne2000,NA,FALSE,NA
Chlorpyrifos,4.5,chronic_NOEC,Sp_011,Warne2000,NA,FALSE,NA
Chlorpyrifos,0.05,chronic_NOEC,Sp_012,Warne2000,NA,FALSE,NA
Parathion,5640,acute_LC50,Sp_001,Warne2000,141,TRUE,Freshwater MR (Warne 2000 p.141). n=46. ACR=71.21. Previous extraction had only 8 values (fish LC50s only) — missing all sensitive invertebrate data (0.04–1.5 µg/L). Now corrected.
Parathion,2104.81,acute_LC50,Sp_002,Warne2000,141,TRUE,NA
Parathion,271.93,acute_LC50,Sp_003,Warne2000,141,TRUE,NA
Parathion,28896.18,acute_LC50,Sp_004,Warne2000,141,TRUE,NA
Parathion,2957.19,acute_LC50,Sp_005,Warne2000,141,TRUE,NA
Parathion,305.18,acute_LC50,Sp_006,Warne2000,141,TRUE,NA
Parathion,262.43,acute_LC50,Sp_007,Warne2000,141,TRUE,NA
Parathion,699.6,acute_LC50,Sp_008,Warne2000,141,TRUE,NA
Parathion,4900,acute_LC50,Sp_009,Warne2000,141,TRUE,NA
Parathion,2946.65,acute_LC50,Sp_010,Warne2000,141,TRUE,NA
Parathion,2081,acute_LC50,Sp_011,Warne2000,141,TRUE,NA
Parathion,1495.44,acute_LC50,Sp_012,Warne2000,141,TRUE,NA
Parathion,1799.65,acute_LC50,Sp_013,Warne2000,141,TRUE,NA
Parathion,1920,acute_LC50,Sp_014,Warne2000,141,TRUE,NA
Parathion,18.67,acute_LC50,Sp_015,Warne2000,141,TRUE,NA
Parathion,648.09,acute_LC50,Sp_016,Warne2000,141,TRUE,NA
Parathion,0.23,acute_LC50,Sp_017,Warne2000,141,TRUE,NA
Parathion,0.85,acute_LC50,Sp_018,Warne2000,141,TRUE,NA
Parathion,0.6,acute_LC50,Sp_019,Warne2000,141,TRUE,NA
Parathion,1.19,acute_LC50,Sp_020,Warne2000,141,TRUE,NA
Parathion,5.9,acute_LC50,Sp_021,Warne2000,141,TRUE,NA
Parathion,0.04,acute_LC50,Sp_022,Warne2000,141,TRUE,NA
Parathion,1.5,acute_LC50,Sp_023,Warne2000,141,TRUE,NA
Parathion,0.43,acute_LC50,Sp_024,Warne2000,141,TRUE,NA
Parathion,2.2,acute_LC50,Sp_025,Warne2000,141,TRUE,NA
Parathion,3.37,acute_LC50,Sp_026,Warne2000,141,TRUE,NA
Parathion,7.25,acute_LC50,Sp_027,Warne2000,141,TRUE,NA
Parathion,2.89,acute_LC50,Sp_028,Warne2000,141,TRUE,NA
Parathion,64.69,acute_LC50,Sp_029,Warne2000,141,TRUE,NA
Parathion,1.99,acute_LC50,Sp_030,Warne2000,141,TRUE,NA
Parathion,2.23,acute_LC50,Sp_031,Warne2000,141,TRUE,NA
Parathion,1.1,acute_LC50,Sp_032,Warne2000,141,TRUE,NA
Parathion,15,acute_LC50,Sp_033,Warne2000,141,TRUE,NA
Parathion,6.84,acute_LC50,Sp_034,Warne2000,141,TRUE,NA
Parathion,5.1,acute_LC50,Sp_035,Warne2000,141,TRUE,NA
Parathion,4.62,acute_LC50,Sp_036,Warne2000,141,TRUE,NA
Parathion,19.55,acute_LC50,Sp_037,Warne2000,141,TRUE,NA
Parathion,7.14,acute_LC50,Sp_038,Warne2000,141,TRUE,NA
Parathion,29,acute_LC50,Sp_039,Warne2000,141,TRUE,NA
Parathion,7079.3,acute_LC50,Sp_040,Warne2000,141,TRUE,NA
Parathion,22313.44,acute_LC50,Sp_041,Warne2000,141,TRUE,NA
Parathion,7100,acute_LC50,Sp_042,Warne2000,141,TRUE,NA
Parathion,2900,acute_LC50,Sp_043,Warne2000,141,TRUE,NA
Parathion,15000,acute_LC50,Sp_044,Warne2000,141,TRUE,NA
Parathion,4624.93,acute_LC50,Sp_045,Warne2000,141,TRUE,NA
Parathion,20845.12,acute_LC50,Sp_046,Warne2000,141,TRUE,NA
Azinphos-methyl,3500,acute_LC50,Sp_001,Warne2000,134,TRUE,Freshwater MR (Warne 2000 p.134). n=26. ACR=10 (default). ANZECC adopted HC1÷10 (not HC5÷10) as TV was too close to acute data. Previous extraction had only 7 values — now corrected.
Azinphos-methyl,2107.32,acute_LC50,Sp_002,Warne2000,134,TRUE,NA
Azinphos-methyl,695,acute_LC50,Sp_003,Warne2000,134,TRUE,NA
Azinphos-methyl,0.36,acute_LC50,Sp_004,Warne2000,134,TRUE,NA
Azinphos-methyl,3272.36,acute_LC50,Sp_005,Warne2000,134,TRUE,NA
Azinphos-methyl,52,acute_LC50,Sp_006,Warne2000,134,TRUE,NA
Azinphos-methyl,13.41,acute_LC50,Sp_007,Warne2000,134,TRUE,NA
Azinphos-methyl,4.87,acute_LC50,Sp_008,Warne2000,134,TRUE,NA
Azinphos-methyl,6.32,acute_LC50,Sp_009,Warne2000,134,TRUE,NA
Azinphos-methyl,6.83,acute_LC50,Sp_010,Warne2000,134,TRUE,NA
Azinphos-methyl,8.52,acute_LC50,Sp_011,Warne2000,134,TRUE,NA
Azinphos-methyl,268.42,acute_LC50,Sp_012,Warne2000,134,TRUE,NA
Azinphos-methyl,3,acute_LC50,Sp_013,Warne2000,134,TRUE,NA
Azinphos-methyl,2.1,acute_LC50,Sp_014,Warne2000,134,TRUE,NA
Azinphos-methyl,4.01,acute_LC50,Sp_015,Warne2000,134,TRUE,NA
Azinphos-methyl,6.22,acute_LC50,Sp_016,Warne2000,134,TRUE,NA
Azinphos-methyl,21,acute_LC50,Sp_017,Warne2000,134,TRUE,NA
Azinphos-methyl,1.57,acute_LC50,Sp_018,Warne2000,134,TRUE,NA
Azinphos-methyl,0.15,acute_LC50,Sp_019,Warne2000,134,TRUE,NA
Azinphos-methyl,0.29,acute_LC50,Sp_020,Warne2000,134,TRUE,NA
Azinphos-methyl,0.46,acute_LC50,Sp_021,Warne2000,134,TRUE,NA
Azinphos-methyl,56,acute_LC50,Sp_022,Warne2000,134,TRUE,NA
Azinphos-methyl,0.37,acute_LC50,Sp_023,Warne2000,134,TRUE,NA
Azinphos-methyl,12.28,acute_LC50,Sp_024,Warne2000,134,TRUE,NA
Azinphos-methyl,11.21,acute_LC50,Sp_025,Warne2000,134,TRUE,NA
Azinphos-methyl,899.91,acute_LC50,Sp_026,Warne2000,134,TRUE,NA
Dimethoate,65,acute_LC50,Sp_001,Warne2000,138,TRUE,"Freshwater MR (Warne 2000 p.138). Bimodal distribution: Warne used only the more-sensitive mode (n=12). Previous extraction used insensitive mode. ACR=10 (default, none available)."
Dimethoate,2.3,acute_LC50,Sp_002,Warne2000,138,TRUE,NA
Dimethoate,5.2,acute_LC50,Sp_003,Warne2000,138,TRUE,NA
Dimethoate,2,acute_LC50,Sp_004,Warne2000,138,TRUE,NA
Dimethoate,2.6,acute_LC50,Sp_005,Warne2000,138,TRUE,NA
Dimethoate,2.2,acute_LC50,Sp_006,Warne2000,138,TRUE,NA
Dimethoate,68.95,acute_LC50,Sp_007,Warne2000,138,TRUE,NA
Dimethoate,3.1,acute_LC50,Sp_008,Warne2000,138,TRUE,NA
Dimethoate,2.9,acute_LC50,Sp_009,Warne2000,138,TRUE,NA
Dimethoate,24.5,acute_LC50,Sp_010,Warne2000,138,TRUE,NA
Dimethoate,35.8,acute_LC50,Sp_011,Warne2000,138,TRUE,NA
Dimethoate,7.82,acute_LC50,Sp_012,Warne2000,138,TRUE,NA
Naphthalene,680,acute_LC50,Sp_001,Warne2000,52,Freshwater MR; post-solubility-filter acute data (Warne 2000 p.52-53). ACR unspecified; default 10 used. HC5=162.,TRUE
Naphthalene,2421.58,acute_LC50,Sp_002,Warne2000,52,Freshwater MR; post-solubility-filter acute data (Warne 2000 p.52-53). ACR unspecified; default 10 used. HC5=162.,NA
Naphthalene,2223.25,acute_LC50,Sp_003,Warne2000,52,Freshwater MR; post-solubility-filter acute data (Warne 2000 p.52-53). ACR unspecified; default 10 used. HC5=162.,NA
Naphthalene,4788.49,acute_LC50,Sp_004,Warne2000,52,Freshwater MR; post-solubility-filter acute data (Warne 2000 p.52-53). ACR unspecified; default 10 used. HC5=162.,NA
Naphthalene,2200,acute_LC50,Sp_005,Warne2000,52,Freshwater MR; post-solubility-filter acute data (Warne 2000 p.52-53). ACR unspecified; default 10 used. HC5=162.,NA
Naphthalene,1843.91,acute_LC50,Sp_006,Warne2000,52,Freshwater MR; post-solubility-filter acute data (Warne 2000 p.52-53). ACR unspecified; default 10 used. HC5=162.,NA
Naphthalene,3930,acute_LC50,Sp_007,Warne2000,52,Freshwater MR; post-solubility-filter acute data (Warne 2000 p.52-53). ACR unspecified; default 10 used. HC5=162.,NA
Naphthalene,27,acute_LC50,Sp_008,Warne2000,52,Freshwater MR; post-solubility-filter acute data (Warne 2000 p.52-53). ACR unspecified; default 10 used. HC5=162.,NA
Naphthalene,2800,acute_LC50,Sp_009,Warne2000,52,Freshwater MR; post-solubility-filter acute data (Warne 2000 p.52-53). ACR unspecified; default 10 used. HC5=162.,NA
Naphthalene,14059.13,acute_LC50,Sp_010,Warne2000,52,Freshwater MR; post-solubility-filter acute data (Warne 2000 p.52-53). ACR unspecified; default 10 used. HC5=162.,NA
Naphthalene,5009.99,acute_LC50,Sp_011,Warne2000,52,Freshwater MR; post-solubility-filter acute data (Warne 2000 p.52-53). ACR unspecified; default 10 used. HC5=162.,NA
Naphthalene,33000,acute_LC50,Sp_012,Warne2000,52,Freshwater MR; post-solubility-filter acute data (Warne 2000 p.52-53). ACR unspecified; default 10 used. HC5=162.,NA
Benzo(a)pyrene,1650,qsar_predicted,Sp_001,Warne2000,56,TRUE,Fresh and marine LR (Warne 2000 p.56). n=21 QSAR-predicted values. Bioaccumulation (log Kow >4): HC1÷10 used as TV. Previous extraction had only 6 values — now corrected.
Benzo(a)pyrene,356,qsar_predicted,Sp_002,Warne2000,56,TRUE,NA
Benzo(a)pyrene,957,qsar_predicted,Sp_003,Warne2000,56,TRUE,NA
Benzo(a)pyrene,664,qsar_predicted,Sp_004,Warne2000,56,TRUE,NA
Benzo(a)pyrene,483,qsar_predicted,Sp_005,Warne2000,56,TRUE,NA
Benzo(a)pyrene,72.1,qsar_predicted,Sp_006,Warne2000,56,TRUE,NA
Benzo(a)pyrene,10.4,qsar_predicted,Sp_007,Warne2000,56,TRUE,NA
Benzo(a)pyrene,2480,qsar_predicted,Sp_008,Warne2000,56,TRUE,NA
Benzo(a)pyrene,222,qsar_predicted,Sp_009,Warne2000,56,TRUE,NA
Benzo(a)pyrene,16.5,qsar_predicted,Sp_010,Warne2000,56,TRUE,NA
Benzo(a)pyrene,15.4,qsar_predicted,Sp_011,Warne2000,56,TRUE,NA
Benzo(a)pyrene,40.3,qsar_predicted,Sp_012,Warne2000,56,TRUE,NA
Benzo(a)pyrene,3.11,qsar_predicted,Sp_013,Warne2000,56,TRUE,NA
Benzo(a)pyrene,3.42,qsar_predicted,Sp_014,Warne2000,56,TRUE,NA
Benzo(a)pyrene,19.4,qsar_predicted,Sp_015,Warne2000,56,TRUE,NA
Benzo(a)pyrene,7.21,qsar_predicted,Sp_016,Warne2000,56,TRUE,NA
Benzo(a)pyrene,18.1,qsar_predicted,Sp_017,Warne2000,56,TRUE,NA
Benzo(a)pyrene,2.66,qsar_predicted,Sp_018,Warne2000,56,TRUE,NA
Benzo(a)pyrene,17.3,qsar_predicted,Sp_019,Warne2000,56,TRUE,NA
Benzo(a)pyrene,6.3,qsar_predicted,Sp_020,Warne2000,56,TRUE,NA
Benzo(a)pyrene,5,qsar_predicted,Sp_021,Warne2000,56,TRUE,NA
Benzene,91446.25,acute_LC50,Sp_001,Warne2000,46,TRUE,Freshwater MR; acute data (Warne 2000 p.46-47). ACR=10 (experimental 1.97 overridden; failed adequacy test). HC5=9554.
Benzene,370000,acute_LC50,Sp_002,Warne2000,46,TRUE,NA
Benzene,13500,acute_LC50,Sp_003,Warne2000,46,TRUE,NA
Benzene,21800,acute_LC50,Sp_004,Warne2000,46,TRUE,NA
Benzene,425000,acute_LC50,Sp_005,Warne2000,46,TRUE,NA
Benzene,33713.34,acute_LC50,Sp_006,Warne2000,46,TRUE,NA
Benzene,31714.09,acute_LC50,Sp_007,Warne2000,46,TRUE,NA
Benzene,19865.74,acute_LC50,Sp_008,Warne2000,46,TRUE,NA
Benzene,36900.51,acute_LC50,Sp_009,Warne2000,46,TRUE,NA
Benzene,12836.78,acute_LC50,Sp_010,Warne2000,46,TRUE,NA
Benzene,6786.75,acute_LC50,Sp_011,Warne2000,46,TRUE,NA
Benzene,10300,acute_LC50,Sp_012,Warne2000,46,TRUE,NA
Benzene,28396.49,acute_LC50,Sp_013,Warne2000,46,TRUE,NA
Benzene,8437.14,acute_LC50,Sp_014,Warne2000,46,TRUE,NA
Benzene,12900,acute_LC50,Sp_015,Warne2000,46,TRUE,NA
Benzene,47766.97,acute_LC50,Sp_016,Warne2000,46,TRUE,NA
Benzene,51299.89,acute_LC50,Sp_017,Warne2000,46,TRUE,NA
Benzene,405270.56,acute_LC50,Sp_018,Warne2000,46,TRUE,NA
Benzene,111101.2,acute_LC50,Sp_019,Warne2000,46,TRUE,NA
Benzene,710000,acute_LC50,Sp_020,Warne2000,46,TRUE,NA
Benzene,63268.69,acute_LC50,Sp_021,Warne2000,46,TRUE,NA
Benzene,42000,acute_LC50,Sp_022,Warne2000,46,TRUE,NA
Benzene,200000,acute_LC50,Sp_023,Warne2000,46,TRUE,NA
Benzene,1370000,acute_LC50,Sp_024,Warne2000,46,TRUE,NA
Benzene,100000,acute_LC50,Sp_025,Warne2000,46,TRUE,NA
Benzene,34000,acute_LC50,Sp_026,Warne2000,46,TRUE,NA
Benzene,48000,acute_LC50,Sp_027,Warne2000,46,TRUE,NA
Benzene,71000,acute_LC50,Sp_028,Warne2000,46,TRUE,NA
Benzene,10000,acute_LC50,Sp_029,Warne2000,46,TRUE,NA
Benzene,130000,acute_LC50,Sp_030,Warne2000,46,TRUE,NA
Benzene,97274.67,acute_LC50,Sp_031,Warne2000,46,TRUE,NA
Benzene,117934.64,acute_LC50,Sp_032,Warne2000,46,TRUE,NA
Benzene,970000,acute_LC50,Sp_033,Warne2000,46,TRUE,NA
Benzene,34000,acute_LC50,Sp_034,Warne2000,46,TRUE,NA
Benzene,74000,acute_LC50,Sp_035,Warne2000,46,TRUE,NA
Benzene,29000,acute_LC50,Sp_036,Warne2000,46,TRUE,NA
Benzene,370000,acute_LC50,Sp_037,Warne2000,46,TRUE,NA
Benzene,190000,acute_LC50,Sp_038,Warne2000,46,TRUE,NA
o-Xylene,16100,acute_LC50,Sp_001,Warne2000,49,TRUE,Freshwater MR; acute data (Warne 2000 p.49). ACR unspecified; default 10 used. HC5=3533.
o-Xylene,16100,acute_LC50,Sp_002,Warne2000,49,TRUE,NA
o-Xylene,16100,acute_LC50,Sp_003,Warne2000,49,TRUE,NA
o-Xylene,7821.76,acute_LC50,Sp_004,Warne2000,49,TRUE,NA
o-Xylene,16299.38,acute_LC50,Sp_005,Warne2000,49,TRUE,NA
o-Xylene,12000,acute_LC50,Sp_006,Warne2000,49,TRUE,NA
o-Xylene,3488.08,acute_LC50,Sp_007,Warne2000,49,TRUE,NA
o-Xylene,4700,acute_LC50,Sp_008,Warne2000,49,TRUE,NA
o-Xylene,73000,acute_LC50,Sp_009,Warne2000,49,TRUE,NA
Phenol,6734.98,acute_LC50,Sp_001,Warne2000,87,TRUE,Freshwater MR; acute data (Warne 2000 p.87). ACR=16.278. HC5=5269.
Phenol,9499.47,acute_LC50,Sp_002,Warne2000,87,TRUE,NA
Phenol,14094.33,acute_LC50,Sp_003,Warne2000,87,TRUE,NA
Phenol,15499.68,acute_LC50,Sp_004,Warne2000,87,TRUE,NA
Phenol,27970.57,acute_LC50,Sp_005,Warne2000,87,TRUE,NA
Phenol,46752.47,acute_LC50,Sp_006,Warne2000,87,TRUE,NA
Phenol,10600,acute_LC50,Sp_007,Warne2000,87,TRUE,NA
Phenol,46000,acute_LC50,Sp_008,Warne2000,87,TRUE,NA
Phenol,1555,acute_LC50,Sp_009,Warne2000,87,TRUE,NA
Phenol,31500,acute_LC50,Sp_010,Warne2000,87,TRUE,NA
Phenol,23595.69,acute_LC50,Sp_011,Warne2000,87,TRUE,NA
Phenol,6984.64,acute_LC50,Sp_012,Warne2000,87,TRUE,NA
Phenol,30499.84,acute_LC50,Sp_013,Warne2000,87,TRUE,NA
Phenol,8000,acute_LC50,Sp_014,Warne2000,87,TRUE,NA
Phenol,32196.58,acute_LC50,Sp_015,Warne2000,87,TRUE,NA
Phenol,33408.61,acute_LC50,Sp_016,Warne2000,87,TRUE,NA
Phenol,16700,acute_LC50,Sp_017,Warne2000,87,TRUE,NA
Phenol,36300,acute_LC50,Sp_018,Warne2000,87,TRUE,NA
Phenol,32465.37,acute_LC50,Sp_019,Warne2000,87,TRUE,NA
Phenol,18435.23,acute_LC50,Sp_020,Warne2000,87,TRUE,NA
Phenol,16000,acute_LC50,Sp_021,Warne2000,87,TRUE,NA
Phenol,23520.69,acute_LC50,Sp_022,Warne2000,87,TRUE,NA
Phenol,10860.49,acute_LC50,Sp_023,Warne2000,87,TRUE,NA
Phenol,8410.73,acute_LC50,Sp_024,Warne2000,87,TRUE,NA
Phenol,42252.22,acute_LC50,Sp_025,Warne2000,87,TRUE,NA
Phenol,34751.2,acute_LC50,Sp_026,Warne2000,87,TRUE,NA
Phenol,9000,acute_LC50,Sp_027,Warne2000,87,TRUE,NA
Phenol,37229.02,acute_LC50,Sp_028,Warne2000,87,TRUE,NA
Phenol,40029.17,acute_LC50,Sp_029,Warne2000,87,TRUE,NA
Phenol,7093.66,acute_LC50,Sp_030,Warne2000,87,TRUE,NA
Phenol,21794.49,acute_LC50,Sp_031,Warne2000,87,TRUE,NA
Phenol,64652.92,acute_LC50,Sp_032,Warne2000,87,TRUE,NA
Phenol,103963.09,acute_LC50,Sp_033,Warne2000,87,TRUE,NA
Phenol,50000,acute_LC50,Sp_034,Warne2000,87,TRUE,NA
Phenol,36000,acute_LC50,Sp_035,Warne2000,87,TRUE,NA
Phenol,126000,acute_LC50,Sp_036,Warne2000,87,TRUE,NA
Phenol,8800,acute_LC50,Sp_037,Warne2000,87,TRUE,NA
Phenol,32000,acute_LC50,Sp_038,Warne2000,87,TRUE,NA
Phenol,7337.58,acute_LC50,Sp_039,Warne2000,87,TRUE,NA
Phenol,42000,acute_LC50,Sp_040,Warne2000,87,TRUE,NA
Phenol,20000,acute_LC50,Sp_041,Warne2000,87,TRUE,NA
Phenol,114000,acute_LC50,Sp_042,Warne2000,87,TRUE,NA
Phenol,132000,acute_LC50,Sp_043,Warne2000,87,TRUE,NA
Phenol,106338.63,acute_LC50,Sp_044,Warne2000,87,TRUE,NA
Phenol,7000,acute_LC50,Sp_045,Warne2000,87,TRUE,NA
Phenol,16553.55,acute_LC50,Sp_046,Warne2000,87,TRUE,NA
Phenol,11714.25,acute_LC50,Sp_047,Warne2000,87,TRUE,NA
Phenol,56483.71,acute_LC50,Sp_048,Warne2000,87,TRUE,NA
Phenol,39700,acute_LC50,Sp_049,Warne2000,87,TRUE,NA
Phenol,130000,acute_LC50,Sp_050,Warne2000,87,TRUE,NA
Phenol,22912.88,acute_LC50,Sp_051,Warne2000,87,TRUE,NA
Phenol,37400,acute_LC50,Sp_052,Warne2000,87,TRUE,NA
Phenol,63029.84,acute_LC50,Sp_053,Warne2000,87,TRUE,NA
Phenol,55645.51,acute_LC50,Sp_054,Warne2000,87,TRUE,NA
Phenol,18000,acute_LC50,Sp_055,Warne2000,87,TRUE,NA
Phenol,21000,acute_LC50,Sp_056,Warne2000,87,TRUE,NA
Phenol,57000,acute_LC50,Sp_057,Warne2000,87,TRUE,NA
Phenol,6000,acute_LC50,Sp_058,Warne2000,87,TRUE,NA
Phenol,37000,acute_LC50,Sp_059,Warne2000,87,TRUE,NA
Phenol,16000,acute_LC50,Sp_060,Warne2000,87,TRUE,NA
Phenol,50000,acute_LC50,Sp_061,Warne2000,87,TRUE,NA
Phenol,30000,acute_LC50,Sp_062,Warne2000,87,TRUE,NA
Phenol,190000,acute_LC50,Sp_063,Warne2000,87,TRUE,NA
Phenol,190000,acute_LC50,Sp_064,Warne2000,87,TRUE,NA
Phenol,16933.69,acute_LC50,Sp_065,Warne2000,87,TRUE,NA
Phenol,2000,acute_LC50,Sp_066,Warne2000,87,TRUE,NA
Phenol,670820.39,acute_LC50,Sp_067,Warne2000,87,TRUE,NA
Phenol,240000,acute_LC50,Sp_068,Warne2000,87,TRUE,NA
Phenol,944911.28,acute_LC50,Sp_069,Warne2000,87,TRUE,NA
Phenol,346410.16,acute_LC50,Sp_070,Warne2000,87,TRUE,NA
Phenol,161961.09,acute_LC50,Sp_071,Warne2000,87,TRUE,NA
Phenol,80500,acute_LC50,Sp_072,Warne2000,87,TRUE,NA
Phenol,33602.96,acute_LC50,Sp_073,Warne2000,87,TRUE,NA
Phenol,28000,acute_LC50,Sp_074,Warne2000,87,TRUE,NA
Phenol,50000,acute_LC50,Sp_075,Warne2000,87,TRUE,NA
Phenol,287749.89,acute_LC50,Sp_076,Warne2000,87,TRUE,NA
Phenol,69800,acute_LC50,Sp_077,Warne2000,87,TRUE,NA
Phenol,2000000,acute_LC50,Sp_078,Warne2000,87,TRUE,NA
Phenol,16000,acute_LC50,Sp_079,Warne2000,87,TRUE,NA
Phenol,200000,acute_LC50,Sp_080,Warne2000,87,TRUE,NA
Phenol,1000000,acute_LC50,Sp_081,Warne2000,87,TRUE,NA
Phenol,440000,acute_LC50,Sp_082,Warne2000,87,TRUE,NA
Phenol,860000,acute_LC50,Sp_083,Warne2000,87,TRUE,NA
Phenol,432666.15,acute_LC50,Sp_084,Warne2000,87,TRUE,NA
Phenol,1084634.89,acute_LC50,Sp_085,Warne2000,87,TRUE,NA
Phenol,214476.11,acute_LC50,Sp_086,Warne2000,87,TRUE,NA
Phenol,500000,acute_LC50,Sp_087,Warne2000,87,TRUE,NA
Phenol,2000,acute_LC50,Sp_088,Warne2000,87,TRUE,NA
Phenol,30000,acute_LC50,Sp_089,Warne2000,87,TRUE,NA
Phenol,2000,acute_LC50,Sp_090,Warne2000,87,TRUE,NA
Phenol,7000,acute_LC50,Sp_091,Warne2000,87,TRUE,NA
Phenol,50000,acute_LC50,Sp_092,Warne2000,87,TRUE,NA
Phenol,7000,acute_LC50,Sp_093,Warne2000,87,TRUE,NA
Phenol,450000,acute_LC50,Sp_094,Warne2000,87,TRUE,NA
Phenol,100000,acute_LC50,Sp_095,Warne2000,87,TRUE,NA
Phenol,400000,acute_LC50,Sp_096,Warne2000,87,TRUE,NA
Phenol,2000,acute_LC50,Sp_097,Warne2000,87,TRUE,NA
Phenol,24000,acute_LC50,Sp_098,Warne2000,87,TRUE,NA
Phenol,1074342.85,acute_LC50,Sp_099,Warne2000,87,TRUE,NA
Phenol,280000,acute_LC50,Sp_100,Warne2000,87,TRUE,NA
Phenol,173129.25,acute_LC50,Sp_101,Warne2000,87,TRUE,NA
Phenol,22000,acute_LC50,Sp_102,Warne2000,87,TRUE,NA
Phenol,30000,acute_LC50,Sp_103,Warne2000,87,TRUE,NA
Phenol,70888.67,acute_LC50,Sp_104,Warne2000,87,TRUE,NA
Phenol,854634.42,acute_LC50,Sp_105,Warne2000,87,TRUE,NA
Phenol,50000,acute_LC50,Sp_106,Warne2000,87,TRUE,NA
Phenol,1000000,acute_LC50,Sp_107,Warne2000,87,TRUE,NA
Phenol,580000,acute_LC50,Sp_108,Warne2000,87,TRUE,NA
Phenol,564621.62,acute_LC50,Sp_109,Warne2000,87,TRUE,NA
Phenol,320000,acute_LC50,Sp_110,Warne2000,87,TRUE,NA
Phenol,100000,acute_LC50,Sp_111,Warne2000,87,TRUE,NA
Phenol,157590.97,acute_LC50,Sp_112,Warne2000,87,TRUE,NA
Phenol,160790.56,acute_LC50,Sp_113,Warne2000,87,TRUE,NA
Phenol,265000,acute_LC50,Sp_114,Warne2000,87,TRUE,NA
Phenol,125701.75,acute_LC50,Sp_115,Warne2000,87,TRUE,NA
Phenol,350000,acute_LC50,Sp_116,Warne2000,87,TRUE,NA
Phenol,368385.17,acute_LC50,Sp_117,Warne2000,87,TRUE,NA
Phenol,288444.1,acute_LC50,Sp_118,Warne2000,87,TRUE,NA
Phenol,260000,acute_LC50,Sp_119,Warne2000,87,TRUE,NA
Phenol,107000,acute_LC50,Sp_120,Warne2000,87,TRUE,NA
Phenol,94000,acute_LC50,Sp_121,Warne2000,87,TRUE,NA
Phenol,520000,acute_LC50,Sp_122,Warne2000,87,TRUE,NA
Phenol,370000,acute_LC50,Sp_123,Warne2000,87,TRUE,NA
Phenol,920516.41,acute_LC50,Sp_124,Warne2000,87,TRUE,NA
Phenol,1000000,acute_LC50,Sp_125,Warne2000,87,TRUE,NA
Phenol,1000000,acute_LC50,Sp_126,Warne2000,87,TRUE,NA
Phenol,95394.71,acute_LC50,Sp_127,Warne2000,87,TRUE,NA
Phenol,420000,acute_LC50,Sp_128,Warne2000,87,TRUE,NA
Phenol,357559.07,acute_LC50,Sp_129,Warne2000,87,TRUE,NA
Phenol,120000,acute_LC50,Sp_130,Warne2000,87,TRUE,NA
Phenol,460000,acute_LC50,Sp_131,Warne2000,87,TRUE,NA
Phenol,1080000,acute_LC50,Sp_132,Warne2000,87,TRUE,NA
Phenol,480000,acute_LC50,Sp_133,Warne2000,87,TRUE,NA
Phenol,1280000,acute_LC50,Sp_134,Warne2000,87,TRUE,NA
Phenol,290000,acute_LC50,Sp_135,Warne2000,87,TRUE,NA
Phenol,823771.81,acute_LC50,Sp_136,Warne2000,87,TRUE,NA
Phenol,35600,acute_LC50,Sp_137,Warne2000,87,TRUE,NA
Phenol,120000,acute_LC50,Sp_138,Warne2000,87,TRUE,NA
Phenol,750999.33,acute_LC50,Sp_139,Warne2000,87,TRUE,NA
Phenol,340000,acute_LC50,Sp_140,Warne2000,87,TRUE,NA
Phenol,59000,acute_LC50,Sp_141,Warne2000,87,TRUE,NA
Phenol,230867.93,acute_LC50,Sp_142,Warne2000,87,TRUE,NA
Phenol,100000,acute_LC50,Sp_143,Warne2000,87,TRUE,NA
Phenol,66675.64,acute_LC50,Sp_144,Warne2000,87,TRUE,NA
Phenol,150000,acute_LC50,Sp_145,Warne2000,87,TRUE,NA
Phenol,64000,acute_LC50,Sp_146,Warne2000,87,TRUE,NA
Phenol,148098.49,acute_LC50,Sp_147,Warne2000,87,TRUE,NA
Phenol,370000,acute_LC50,Sp_148,Warne2000,87,TRUE,NA
Phenol,102000,acute_LC50,Sp_149,Warne2000,87,TRUE,NA
Phenol,72876.27,acute_LC50,Sp_150,Warne2000,87,TRUE,NA
2-Chlorophenol,10700,acute_LC50,Sp_001,Warne2000,NA,FALSE,Freshwater MR; acute data (Warne 2000). ACR unspecified; implied ~9.4 from published DGV; default 10 used.
2-Chlorophenol,20472.7,acute_LC50,Sp_002,Warne2000,NA,FALSE,NA
2-Chlorophenol,8674.24,acute_LC50,Sp_003,Warne2000,NA,FALSE,NA
2-Chlorophenol,13458.3,acute_LC50,Sp_004,Warne2000,NA,FALSE,NA
2-Chlorophenol,5235.81,acute_LC50,Sp_005,Warne2000,NA,FALSE,NA
2-Chlorophenol,6900,acute_LC50,Sp_006,Warne2000,NA,FALSE,NA
2-Chlorophenol,170000,acute_LC50,Sp_007,Warne2000,89,TRUE,NA
2-Chlorophenol,50000,acute_LC50,Sp_008,Warne2000,89,TRUE,NA
2-Chlorophenol,70000,acute_LC50,Sp_009,Warne2000,89,TRUE,NA
2-Chlorophenol,67970,acute_LC50,Sp_010,Warne2000,89,TRUE,NA
"2,4,6-Trichlorophenol",643.43,acute_LC50,Sp_001,Warne2000,NA,FALSE,Freshwater MR; acute data (Warne 2000). ACR unspecified; implied ~12.5 from published DGV; default 10 used.
"2,4,6-Trichlorophenol",2220.13,acute_LC50,Sp_002,Warne2000,NA,FALSE,NA
"2,4,6-Trichlorophenol",1768.94,acute_LC50,Sp_003,Warne2000,NA,FALSE,NA
"2,4,6-Trichlorophenol",362.22,acute_LC50,Sp_004,Warne2000,NA,FALSE,NA
"2,4,6-Trichlorophenol",646.75,acute_LC50,Sp_005,Warne2000,NA,FALSE,NA
"2,4,6-Trichlorophenol",5466.14,acute_LC50,Sp_006,Warne2000,NA,FALSE,NA
"2,4,6-Trichlorophenol",779.33,acute_LC50,Sp_007,Warne2000,97,TRUE,NA
"2,4,6-Trichlorophenol",5500,acute_LC50,Sp_008,Warne2000,97,TRUE,NA
"2,4,6-Trichlorophenol",10000,acute_LC50,Sp_009,Warne2000,97,TRUE,NA
"2,4,6-Trichlorophenol",5600,acute_LC50,Sp_010,Warne2000,97,TRUE,NA
"2,4,6-Trichlorophenol",3500,acute_LC50,Sp_011,Warne2000,97,TRUE,NA
"2,4,6-Trichlorophenol",1200,acute_LC50,Sp_012,Warne2000,97,TRUE,NA
"2,4,6-Trichlorophenol",3990,acute_LC50,Sp_013,Warne2000,97,TRUE,NA
Pentachlorophenol,41,chronic_NOEC,Sp_001,Warne2000,NA,FALSE,"Freshwater HR chronic SSD (Warne 2000). n=11. ANZECC adopted MR TV (HC5_acute÷ACR=4.5=10 µg/L) rather than HR HC5 (24 µg/L). These chronic values give HC5≈9.2 µg/L, close to the MR-derived trigger."
Pentachlorophenol,271,chronic_NOEC,Sp_002,Warne2000,NA,FALSE,NA
Pentachlorophenol,44.9,chronic_NOEC,Sp_003,Warne2000,NA,FALSE,NA
Pentachlorophenol,100,chronic_NOEC,Sp_004,Warne2000,NA,FALSE,NA
Pentachlorophenol,250,chronic_NOEC,Sp_005,Warne2000,NA,FALSE,NA
Pentachlorophenol,50,chronic_NOEC,Sp_006,Warne2000,NA,FALSE,NA
Pentachlorophenol,8.2,chronic_NOEC,Sp_007,Warne2000,NA,FALSE,NA
Pentachlorophenol,130,chronic_NOEC,Sp_008,Warne2000,NA,FALSE,NA
Pentachlorophenol,30,chronic_NOEC,Sp_009,Warne2000,NA,FALSE,NA
Pentachlorophenol,65,chronic_NOEC,Sp_010,Warne2000,NA,FALSE,NA
Pentachlorophenol,18,chronic_NOEC,Sp_011,Warne2000,NA,FALSE,NA
As(V),9.8,chronic_NOEC,Sp_AsV_001,Warne2000,4,FALSE,Algae sp.; corrected NOEC from acute data (Warne 2000 p.4)
As(V),22.63,chronic_NOEC,Sp_AsV_002,Warne2000,4,FALSE,Algae sp.; corrected NOEC from acute data (Warne 2000 p.4)
As(V),510.84,chronic_NOEC,Sp_AsV_003,Warne2000,4,FALSE,Crustacean sp.; corrected NOEC (Warne 2000 p.4)
As(V),973,chronic_NOEC,Sp_AsV_004,Warne2000,4,FALSE,Fish: Oncorhynchus mykiss 28-day NOEC (Warne 2000 p.4)
As(V),973,chronic_NOEC,Sp_AsV_005,Warne2000,4,FALSE,Crustacean sp. 28-day NOEC (Warne 2000 p.4)
As(V),973,chronic_NOEC,Sp_AsV_006,Warne2000,4,FALSE,Insect: Pteronarcys dorsata 28-day NOEC (Warne 2000 p.4)
As(V),973,chronic_NOEC,Sp_AsV_007,Warne2000,4,FALSE,Mollusc sp. 1 28-day NOEC (Warne 2000 p.4)
As(V),973,chronic_NOEC,Sp_AsV_008,Warne2000,4,FALSE,Mollusc sp. 2 28-day NOEC (Warne 2000 p.4)
As(V),7843.6,chronic_NOEC,Sp_AsV_009,Warne2000,4,FALSE,Algae sp. (Warne 2000 p.4)
As(V),15886,chronic_NOEC,Sp_AsV_010,Warne2000,4,FALSE,Algae sp. (Warne 2000 p.4)
